Time (days),Cs-137,Sr-90,Y-90,Radiation,Shielded Radiation
0.0,1000,500,0,0.0,0.0
1.0,1000,500,0,0.0,0.0
2.0,999,500,0,6.0,1.8071652714732127
3.0,999,500,0,0.5,0.15059710595610107
4.0,999,500,0,0.0,0.0
5.0,999,500,0,0.0,0.0
6.0,999,500,0,0.0,0.0
7.0,999,500,0,0.0,0.0
8.0,999,500,0,0.0,0.0
9.0,999,500,0,0.0,0.0
10.0,999,500,0,0.0,0.0
11.0,999,500,0,0.0,0.0
12.0,998,500,0,6.0,1.8071652714732127
13.0,998,500,0,0.5,0.15059710595610107
14.0,998,500,0,0.0,0.0
15.0,997,500,0,6.0,1.8071652714732127
16.0,997,500,0,0.5,0.15059710595610107
17.0,997,500,0,0.0,0.0
18.0,997,500,0,0.0,0.0
19.0,997,500,0,0.0,0.0
20.0,997,500,0,0.0,0.0
21.0,997,500,0,0.0,0.0
22.0,997,500,0,0.0,0.0
23.0,997,500,0,0.0,0.0
24.0,997,500,0,0.0,0.0
25.0,997,500,0,0.0,0.0
26.0,997,500,0,0.0,0.0
27.0,997,500,0,0.0,0.0
28.0,997,500,0,0.0,0.0
29.0,997,500,0,0.0,0.0
30.0,997,500,0,0.0,0.0
31.0,997,500,0,0.0,0.0
32.0,997,499,1,5.0,1.5059710595610107
33.0,996,499,0,13.0,3.9155247548586276
34.0,996,499,0,0.5,0.15059710595610107
35.0,996,499,0,0.0,0.0
36.0,996,498,1,5.0,1.5059710595610107
37.0,996,498,1,0.0,0.0
38.0,996,498,1,0.0,0.0
39.0,996,498,0,7.0,2.108359483385415
40.0,996,498,0,0.0,0.0
41.0,996,498,0,0.0,0.0
42.0,996,498,0,0.0,0.0
43.0,996,498,0,0.0,0.0
44.0,996,498,0,0.0,0.0
45.0,996,498,0,0.0,0.0
46.0,996,498,0,0.0,0.0
47.0,996,498,0,0.0,0.0
48.0,996,497,1,5.0,1.5059710595610107
49.0,995,497,0,13.0,3.9155247548586276
50.0,995,497,0,0.5,0.15059710595610107
51.0,995,497,0,0.0,0.0
52.0,995,497,0,0.0,0.0
53.0,995,497,0,0.0,0.0
54.0,995,497,0,0.0,0.0
55.0,995,497,0,0.0,0.0
56.0,995,497,0,0.0,0.0
57.0,995,497,0,0.0,0.0
58.0,995,497,0,0.0,0.0
59.0,995,497,0,0.0,0.0
60.0,995,497,0,0.0,0.0
61.0,995,497,0,0.0,0.0
62.0,995,497,0,0.0,0.0
63.0,995,497,0,0.0,0.0
64.0,995,497,0,0.0,0.0
65.0,995,497,0,0.0,0.0
66.0,995,497,0,0.0,0.0
67.0,995,497,0,0.0,0.0
68.0,994,497,0,6.0,1.8071652714732127
69.0,993,497,0,6.5,1.9577623774293138
70.0,993,497,0,0.5,0.15059710595610107
71.0,993,497,0,0.0,0.0
72.0,993,497,0,0.0,0.0
73.0,992,497,0,6.0,1.8071652714732127
74.0,992,497,0,0.5,0.15059710595610107
75.0,991,497,0,6.0,1.8071652714732127
76.0,991,497,0,0.5,0.15059710595610107
77.0,991,497,0,0.0,0.0
78.0,991,497,0,0.0,0.0
79.0,991,497,0,0.0,0.0
80.0,991,497,0,0.0,0.0
81.0,991,497,0,0.0,0.0
82.0,991,497,0,0.0,0.0
83.0,990,497,0,6.0,1.8071652714732127
84.0,990,497,0,0.5,0.15059710595610107
85.0,990,497,0,0.0,0.0
86.0,990,497,0,0.0,0.0
87.0,990,497,0,0.0,0.0
88.0,990,497,0,0.0,0.0
89.0,990,497,0,0.0,0.0
90.0,990,496,1,5.0,1.5059710595610107
91.0,990,496,1,0.0,0.0
92.0,990,496,1,0.0,0.0
93.0,990,496,1,0.0,0.0
94.0,989,496,1,6.0,1.8071652714732127
95.0,989,496,1,0.5,0.15059710595610107
96.0,989,496,1,0.0,0.0
97.0,989,496,1,0.0,0.0
98.0,989,496,0,7.0,2.108359483385415
99.0,989,496,0,0.0,0.0
100.0,989,496,0,0.0,0.0
101.0,989,496,0,0.0,0.0
102.0,989,496,0,0.0,0.0
103.0,989,496,0,0.0,0.0
104.0,988,496,0,6.0,1.8071652714732127
105.0,988,496,0,0.5,0.15059710595610107
106.0,988,496,0,0.0,0.0
107.0,988,496,0,0.0,0.0
108.0,988,496,0,0.0,0.0
109.0,988,496,0,0.0,0.0
110.0,988,496,0,0.0,0.0
111.0,988,496,0,0.0,0.0
112.0,988,496,0,0.0,0.0
113.0,988,496,0,0.0,0.0
114.0,988,496,0,0.0,0.0
115.0,987,495,1,11.0,3.3131363310342237
116.0,987,495,1,0.5,0.15059710595610107
117.0,987,495,1,0.0,0.0
118.0,986,494,2,11.0,3.3131363310342237
119.0,986,494,1,7.5,2.258956589341516
120.0,986,494,1,0.0,0.0
121.0,986,494,1,0.0,0.0
122.0,985,494,1,6.0,1.8071652714732127
123.0,985,494,1,0.5,0.15059710595610107
124.0,985,494,1,0.0,0.0
125.0,985,494,1,0.0,0.0
126.0,985,494,1,0.0,0.0
127.0,985,494,1,0.0,0.0
128.0,985,494,1,0.0,0.0
129.0,985,494,0,7.0,2.108359483385415
130.0,985,494,0,0.0,0.0
131.0,985,494,0,0.0,0.0
132.0,985,494,0,0.0,0.0
133.0,985,494,0,0.0,0.0
134.0,984,494,0,6.0,1.8071652714732127
135.0,984,494,0,0.5,0.15059710595610107
136.0,984,494,0,0.0,0.0
137.0,984,494,0,0.0,0.0
138.0,984,494,0,0.0,0.0
139.0,984,494,0,0.0,0.0
140.0,984,494,0,0.0,0.0
141.0,984,494,0,0.0,0.0
142.0,984,494,0,0.0,0.0
143.0,984,494,0,0.0,0.0
144.0,984,494,0,0.0,0.0
145.0,984,494,0,0.0,0.0
146.0,984,494,0,0.0,0.0
147.0,984,494,0,0.0,0.0
148.0,984,494,0,0.0,0.0
149.0,984,494,0,0.0,0.0
150.0,984,494,0,0.0,0.0
151.0,984,494,0,0.0,0.0
152.0,984,494,0,0.0,0.0
153.0,984,494,0,0.0,0.0
154.0,984,493,1,5.0,1.5059710595610107
155.0,984,493,1,0.0,0.0
156.0,984,493,1,0.0,0.0
157.0,984,493,1,0.0,0.0
158.0,984,493,1,0.0,0.0
159.0,984,492,1,12.0,3.6143305429464254
160.0,984,492,0,7.0,2.108359483385415
161.0,984,492,0,0.0,0.0
162.0,984,492,0,0.0,0.0
163.0,984,492,0,0.0,0.0
164.0,984,492,0,0.0,0.0
165.0,984,492,0,0.0,0.0
166.0,984,492,0,0.0,0.0
167.0,983,491,1,11.0,3.3131363310342237
168.0,983,491,1,0.5,0.15059710595610107
169.0,983,491,1,0.0,0.0
170.0,983,491,0,7.0,2.108359483385415
171.0,983,491,0,0.0,0.0
172.0,983,491,0,0.0,0.0
173.0,983,491,0,0.0,0.0
174.0,983,491,0,0.0,0.0
175.0,983,491,0,0.0,0.0
176.0,983,491,0,0.0,0.0
177.0,983,491,0,0.0,0.0
178.0,983,491,0,0.0,0.0
179.0,983,491,0,0.0,0.0
180.0,983,491,0,0.0,0.0
181.0,983,491,0,0.0,0.0
182.0,983,491,0,0.0,0.0
183.0,983,491,0,0.0,0.0
184.0,983,491,0,0.0,0.0
185.0,983,491,0,0.0,0.0
186.0,983,491,0,0.0,0.0
187.0,983,491,0,0.0,0.0
188.0,983,491,0,0.0,0.0
189.0,983,491,0,0.0,0.0
190.0,983,491,0,0.0,0.0
191.0,983,491,0,0.0,0.0
192.0,983,491,0,0.0,0.0
193.0,983,491,0,0.0,0.0
194.0,983,491,0,0.0,0.0
195.0,983,491,0,0.0,0.0
196.0,983,491,0,0.0,0.0
197.0,983,491,0,0.0,0.0
198.0,983,491,0,0.0,0.0
199.0,983,491,0,0.0,0.0
200.0,983,491,0,0.0,0.0
201.0,983,491,0,0.0,0.0
202.0,983,491,0,0.0,0.0
203.0,983,491,0,0.0,0.0
204.0,983,491,0,0.0,0.0
205.0,983,491,0,0.0,0.0
206.0,983,491,0,0.0,0.0
207.0,983,491,0,0.0,0.0
208.0,983,491,0,0.0,0.0
209.0,983,491,0,0.0,0.0
210.0,982,491,0,6.0,1.8071652714732127
211.0,982,491,0,0.5,0.15059710595610107
212.0,982,491,0,0.0,0.0
213.0,982,491,0,0.0,0.0
214.0,982,491,0,0.0,0.0
215.0,982,491,0,0.0,0.0
216.0,982,491,0,0.0,0.0
217.0,982,491,0,0.0,0.0
218.0,982,491,0,0.0,0.0
219.0,982,491,0,0.0,0.0
220.0,981,491,0,6.0,1.8071652714732127
221.0,981,491,0,0.5,0.15059710595610107
222.0,981,491,0,0.0,0.0
223.0,981,491,0,0.0,0.0
224.0,981,491,0,0.0,0.0
225.0,981,491,0,0.0,0.0
226.0,981,491,0,0.0,0.0
227.0,981,491,0,0.0,0.0
228.0,981,491,0,0.0,0.0
229.0,981,491,0,0.0,0.0
230.0,981,491,0,0.0,0.0
231.0,981,491,0,0.0,0.0
232.0,981,491,0,0.0,0.0
233.0,981,491,0,0.0,0.0
234.0,981,491,0,0.0,0.0
235.0,981,491,0,0.0,0.0
236.0,981,491,0,0.0,0.0
237.0,981,491,0,0.0,0.0
238.0,981,491,0,0.0,0.0
239.0,981,491,0,0.0,0.0
240.0,981,491,0,0.0,0.0
241.0,980,491,0,6.0,1.8071652714732127
242.0,980,491,0,0.5,0.15059710595610107
243.0,980,491,0,0.0,0.0
244.0,980,491,0,0.0,0.0
245.0,980,491,0,0.0,0.0
246.0,980,491,0,0.0,0.0
247.0,980,491,0,0.0,0.0
248.0,980,490,1,5.0,1.5059710595610107
249.0,980,490,1,0.0,0.0
250.0,979,490,1,6.0,1.8071652714732127
251.0,979,490,1,0.5,0.15059710595610107
252.0,978,489,2,11.0,3.3131363310342237
253.0,978,489,2,0.5,0.15059710595610107
254.0,978,489,2,0.0,0.0
255.0,978,489,2,0.0,0.0
256.0,978,489,1,7.0,2.108359483385415
257.0,978,489,1,0.0,0.0
258.0,978,488,2,5.0,1.5059710595610107
259.0,978,488,2,0.0,0.0
260.0,978,488,2,0.0,0.0
261.0,977,488,1,13.0,3.9155247548586276
262.0,977,488,1,0.5,0.15059710595610107
263.0,977,488,1,0.0,0.0
264.0,977,488,0,7.0,2.108359483385415
265.0,977,488,0,0.0,0.0
266.0,976,488,0,6.0,1.8071652714732127
267.0,976,488,0,0.5,0.15059710595610107
268.0,976,488,0,0.0,0.0
269.0,976,488,0,0.0,0.0
270.0,976,488,0,0.0,0.0
271.0,976,488,0,0.0,0.0
272.0,975,488,0,6.0,1.8071652714732127
273.0,975,488,0,0.5,0.15059710595610107
274.0,975,488,0,0.0,0.0
275.0,975,488,0,0.0,0.0
276.0,975,488,0,0.0,0.0
277.0,975,488,0,0.0,0.0
278.0,975,488,0,0.0,0.0
279.0,975,488,0,0.0,0.0
280.0,975,488,0,0.0,0.0
281.0,975,488,0,0.0,0.0
282.0,975,487,1,5.0,1.5059710595610107
283.0,975,487,1,0.0,0.0
284.0,974,487,1,6.0,1.8071652714732127
285.0,974,487,0,7.5,2.258956589341516
286.0,974,487,0,0.0,0.0
287.0,974,487,0,0.0,0.0
288.0,974,487,0,0.0,0.0
289.0,974,487,0,0.0,0.0
290.0,974,487,0,0.0,0.0
291.0,974,487,0,0.0,0.0
292.0,974,487,0,0.0,0.0
293.0,974,487,0,0.0,0.0
294.0,974,487,0,0.0,0.0
295.0,974,487,0,0.0,0.0
296.0,974,487,0,0.0,0.0
297.0,974,487,0,0.0,0.0
298.0,974,486,1,5.0,1.5059710595610107
299.0,974,486,1,0.0,0.0
300.0,974,486,1,0.0,0.0
301.0,974,486,0,7.0,2.108359483385415
302.0,974,486,0,0.0,0.0
303.0,973,486,0,6.0,1.8071652714732127
304.0,973,486,0,0.5,0.15059710595610107
305.0,973,486,0,0.0,0.0
306.0,973,486,0,0.0,0.0
307.0,973,486,0,0.0,0.0
308.0,973,486,0,0.0,0.0
309.0,973,486,0,0.0,0.0
310.0,973,486,0,0.0,0.0
311.0,973,486,0,0.0,0.0
312.0,973,486,0,0.0,0.0
313.0,973,486,0,0.0,0.0
314.0,973,486,0,0.0,0.0
315.0,973,486,0,0.0,0.0
316.0,973,486,0,0.0,0.0
317.0,973,486,0,0.0,0.0
318.0,973,486,0,0.0,0.0
319.0,973,486,0,0.0,0.0
320.0,972,486,0,6.0,1.8071652714732127
321.0,972,486,0,0.5,0.15059710595610107
322.0,972,486,0,0.0,0.0
323.0,972,486,0,0.0,0.0
324.0,972,486,0,0.0,0.0
325.0,972,486,0,0.0,0.0
326.0,972,486,0,0.0,0.0
327.0,972,486,0,0.0,0.0
328.0,972,486,0,0.0,0.0
329.0,972,486,0,0.0,0.0
330.0,972,486,0,0.0,0.0
331.0,972,486,0,0.0,0.0
332.0,972,486,0,0.0,0.0
333.0,972,486,0,0.0,0.0
334.0,972,486,0,0.0,0.0
335.0,972,486,0,0.0,0.0
336.0,972,486,0,0.0,0.0
337.0,972,486,0,0.0,0.0
338.0,972,486,0,0.0,0.0
339.0,972,486,0,0.0,0.0
340.0,972,486,0,0.0,0.0
341.0,972,486,0,0.0,0.0
342.0,972,486,0,0.0,0.0
343.0,972,486,0,0.0,0.0
344.0,972,486,0,0.0,0.0
345.0,972,486,0,0.0,0.0
346.0,972,486,0,0.0,0.0
347.0,972,486,0,0.0,0.0
348.0,971,486,0,6.0,1.8071652714732127
349.0,971,486,0,0.5,0.15059710595610107
350.0,971,486,0,0.0,0.0
351.0,970,486,0,6.0,1.8071652714732127
352.0,970,486,0,0.5,0.15059710595610107
353.0,970,486,0,0.0,0.0
354.0,970,486,0,0.0,0.0
355.0,970,486,0,0.0,0.0
356.0,970,486,0,0.0,0.0
357.0,970,486,0,0.0,0.0
358.0,970,486,0,0.0,0.0
359.0,970,486,0,0.0,0.0
360.0,969,486,0,6.0,1.8071652714732127
361.0,969,486,0,0.5,0.15059710595610107
362.0,969,486,0,0.0,0.0
363.0,969,486,0,0.0,0.0
364.0,969,486,0,0.0,0.0
365.0,969,486,0,0.0,0.0
366.0,969,486,0,0.0,0.0
367.0,969,486,0,0.0,0.0
368.0,969,486,0,0.0,0.0
369.0,969,486,0,0.0,0.0
370.0,969,486,0,0.0,0.0
371.0,969,486,0,0.0,0.0
372.0,969,486,0,0.0,0.0
373.0,968,486,0,6.0,1.8071652714732127
374.0,968,486,0,0.5,0.15059710595610107
375.0,968,486,0,0.0,0.0
376.0,968,486,0,0.0,0.0
377.0,968,486,0,0.0,0.0
378.0,968,486,0,0.0,0.0
379.0,968,486,0,0.0,0.0
380.0,968,486,0,0.0,0.0
381.0,968,486,0,0.0,0.0
382.0,968,486,0,0.0,0.0
383.0,968,486,0,0.0,0.0
384.0,968,485,1,5.0,1.5059710595610107
385.0,968,485,1,0.0,0.0
386.0,968,485,1,0.0,0.0
387.0,968,485,1,0.0,0.0
388.0,968,485,1,0.0,0.0
389.0,968,485,1,0.0,0.0
390.0,968,485,1,0.0,0.0
391.0,968,485,1,0.0,0.0
392.0,968,485,0,7.0,2.108359483385415
393.0,968,485,0,0.0,0.0
394.0,968,485,0,0.0,0.0
395.0,968,485,0,0.0,0.0
396.0,968,485,0,0.0,0.0
397.0,968,485,0,0.0,0.0
398.0,968,485,0,0.0,0.0
399.0,968,484,1,5.0,1.5059710595610107
400.0,968,484,1,0.0,0.0
401.0,968,484,1,0.0,0.0
402.0,968,484,0,7.0,2.108359483385415
403.0,968,484,0,0.0,0.0
404.0,968,484,0,0.0,0.0
405.0,968,484,0,0.0,0.0
406.0,968,484,0,0.0,0.0
407.0,968,484,0,0.0,0.0
408.0,968,484,0,0.0,0.0
409.0,968,484,0,0.0,0.0
410.0,968,484,0,0.0,0.0
411.0,968,484,0,0.0,0.0
412.0,968,484,0,0.0,0.0
413.0,968,484,0,0.0,0.0
414.0,968,484,0,0.0,0.0
415.0,968,484,0,0.0,0.0
416.0,968,484,0,0.0,0.0
417.0,968,484,0,0.0,0.0
418.0,968,484,0,0.0,0.0
419.0,967,484,0,6.0,1.8071652714732127
420.0,967,484,0,0.5,0.15059710595610107
421.0,967,484,0,0.0,0.0
422.0,967,484,0,0.0,0.0
423.0,967,484,0,0.0,0.0
424.0,967,484,0,0.0,0.0
425.0,967,484,0,0.0,0.0
426.0,967,484,0,0.0,0.0
427.0,967,484,0,0.0,0.0
428.0,967,484,0,0.0,0.0
429.0,967,484,0,0.0,0.0
430.0,967,484,0,0.0,0.0
431.0,967,484,0,0.0,0.0
432.0,967,484,0,0.0,0.0
433.0,967,483,1,5.0,1.5059710595610107
434.0,966,483,1,6.0,1.8071652714732127
435.0,965,483,1,6.5,1.9577623774293138
436.0,965,483,1,0.5,0.15059710595610107
437.0,964,483,0,13.0,3.9155247548586276
438.0,964,483,0,0.5,0.15059710595610107
439.0,964,483,0,0.0,0.0
440.0,964,483,0,0.0,0.0
441.0,964,483,0,0.0,0.0
442.0,964,483,0,0.0,0.0
443.0,964,482,1,5.0,1.5059710595610107
444.0,964,482,1,0.0,0.0
445.0,964,482,0,7.0,2.108359483385415
446.0,964,482,0,0.0,0.0
447.0,964,482,0,0.0,0.0
448.0,964,482,0,0.0,0.0
449.0,964,482,0,0.0,0.0
450.0,964,482,0,0.0,0.0
451.0,964,482,0,0.0,0.0
452.0,964,482,0,0.0,0.0
453.0,964,482,0,0.0,0.0
454.0,964,482,0,0.0,0.0
455.0,964,482,0,0.0,0.0
456.0,964,482,0,0.0,0.0
457.0,964,482,0,0.0,0.0
458.0,964,482,0,0.0,0.0
459.0,964,482,0,0.0,0.0
460.0,964,482,0,0.0,0.0
461.0,964,482,0,0.0,0.0
462.0,964,482,0,0.0,0.0
463.0,964,482,0,0.0,0.0
464.0,964,482,0,0.0,0.0
465.0,964,482,0,0.0,0.0
466.0,964,482,0,0.0,0.0
467.0,964,482,0,0.0,0.0
468.0,964,482,0,0.0,0.0
469.0,964,482,0,0.0,0.0
470.0,964,482,0,0.0,0.0
471.0,964,482,0,0.0,0.0
472.0,963,482,0,6.0,1.8071652714732127
473.0,963,482,0,0.5,0.15059710595610107
474.0,963,482,0,0.0,0.0
475.0,963,482,0,0.0,0.0
476.0,963,482,0,0.0,0.0
477.0,963,482,0,0.0,0.0
478.0,963,482,0,0.0,0.0
479.0,963,482,0,0.0,0.0
480.0,963,482,0,0.0,0.0
481.0,963,482,0,0.0,0.0
482.0,963,482,0,0.0,0.0
483.0,963,482,0,0.0,0.0
484.0,963,482,0,0.0,0.0
485.0,963,482,0,0.0,0.0
486.0,963,482,0,0.0,0.0
487.0,963,482,0,0.0,0.0
488.0,963,482,0,0.0,0.0
489.0,962,482,0,6.0,1.8071652714732127
490.0,962,482,0,0.5,0.15059710595610107
491.0,961,482,0,6.0,1.8071652714732127
492.0,961,482,0,0.5,0.15059710595610107
493.0,961,482,0,0.0,0.0
494.0,961,482,0,0.0,0.0
495.0,961,482,0,0.0,0.0
496.0,961,482,0,0.0,0.0
497.0,961,481,1,5.0,1.5059710595610107
498.0,961,481,1,0.0,0.0
499.0,961,481,1,0.0,0.0
500.0,961,481,1,0.0,0.0
501.0,961,481,1,0.0,0.0
502.0,961,481,1,0.0,0.0
503.0,961,481,1,0.0,0.0
504.0,960,481,1,6.0,1.8071652714732127
505.0,959,481,1,6.5,1.9577623774293138
506.0,959,481,1,0.5,0.15059710595610107
507.0,959,481,1,0.0,0.0
508.0,959,481,1,0.0,0.0
509.0,959,481,0,7.0,2.108359483385415
510.0,959,481,0,0.0,0.0
511.0,958,481,0,6.0,1.8071652714732127
512.0,958,481,0,0.5,0.15059710595610107
513.0,958,481,0,0.0,0.0
514.0,958,481,0,0.0,0.0
515.0,958,481,0,0.0,0.0
516.0,958,481,0,0.0,0.0
517.0,957,481,0,6.0,1.8071652714732127
518.0,957,481,0,0.5,0.15059710595610107
519.0,957,481,0,0.0,0.0
520.0,957,481,0,0.0,0.0
521.0,957,481,0,0.0,0.0
522.0,957,481,0,0.0,0.0
523.0,957,481,0,0.0,0.0
524.0,957,481,0,0.0,0.0
525.0,956,481,0,6.0,1.8071652714732127
526.0,956,481,0,0.5,0.15059710595610107
527.0,956,481,0,0.0,0.0
528.0,956,481,0,0.0,0.0
529.0,956,481,0,0.0,0.0
530.0,956,481,0,0.0,0.0
531.0,955,481,0,6.0,1.8071652714732127
532.0,955,481,0,0.5,0.15059710595610107
533.0,955,480,1,5.0,1.5059710595610107
534.0,955,480,0,7.0,2.108359483385415
535.0,955,479,1,5.0,1.5059710595610107
536.0,955,479,1,0.0,0.0
537.0,955,479,1,0.0,0.0
538.0,955,479,0,7.0,2.108359483385415
539.0,955,479,0,0.0,0.0
540.0,954,479,0,6.0,1.8071652714732127
541.0,954,479,0,0.5,0.15059710595610107
542.0,954,479,0,0.0,0.0
543.0,954,479,0,0.0,0.0
544.0,954,479,0,0.0,0.0
545.0,954,479,0,0.0,0.0
546.0,954,479,0,0.0,0.0
547.0,954,479,0,0.0,0.0
548.0,954,479,0,0.0,0.0
549.0,954,479,0,0.0,0.0
550.0,954,479,0,0.0,0.0
551.0,954,479,0,0.0,0.0
552.0,954,479,0,0.0,0.0
553.0,954,479,0,0.0,0.0
554.0,954,479,0,0.0,0.0
555.0,954,479,0,0.0,0.0
556.0,954,479,0,0.0,0.0
557.0,953,479,0,6.0,1.8071652714732127
558.0,953,479,0,0.5,0.15059710595610107
559.0,953,479,0,0.0,0.0
560.0,953,479,0,0.0,0.0
561.0,953,479,0,0.0,0.0
562.0,953,479,0,0.0,0.0
563.0,953,479,0,0.0,0.0
564.0,953,479,0,0.0,0.0
565.0,953,479,0,0.0,0.0
566.0,953,479,0,0.0,0.0
567.0,953,479,0,0.0,0.0
568.0,953,479,0,0.0,0.0
569.0,953,479,0,0.0,0.0
570.0,953,479,0,0.0,0.0
571.0,953,479,0,0.0,0.0
572.0,953,479,0,0.0,0.0
573.0,953,479,0,0.0,0.0
574.0,953,479,0,0.0,0.0
575.0,953,479,0,0.0,0.0
576.0,953,479,0,0.0,0.0
577.0,953,479,0,0.0,0.0
578.0,953,479,0,0.0,0.0
579.0,953,479,0,0.0,0.0
580.0,953,479,0,0.0,0.0
581.0,953,479,0,0.0,0.0
582.0,953,479,0,0.0,0.0
583.0,953,479,0,0.0,0.0
584.0,953,479,0,0.0,0.0
585.0,953,479,0,0.0,0.0
586.0,953,479,0,0.0,0.0
587.0,952,479,0,6.0,1.8071652714732127
588.0,952,479,0,0.5,0.15059710595610107
589.0,952,479,0,0.0,0.0
590.0,952,479,0,0.0,0.0
591.0,952,479,0,0.0,0.0
592.0,952,479,0,0.0,0.0
593.0,952,479,0,0.0,0.0
594.0,951,479,0,6.0,1.8071652714732127
595.0,951,479,0,0.5,0.15059710595610107
596.0,951,479,0,0.0,0.0
597.0,951,479,0,0.0,0.0
598.0,951,479,0,0.0,0.0
599.0,951,479,0,0.0,0.0
600.0,951,479,0,0.0,0.0
601.0,951,479,0,0.0,0.0
602.0,951,479,0,0.0,0.0
603.0,951,479,0,0.0,0.0
604.0,951,479,0,0.0,0.0
605.0,951,479,0,0.0,0.0
606.0,951,479,0,0.0,0.0
607.0,951,479,0,0.0,0.0
608.0,951,479,0,0.0,0.0
609.0,951,479,0,0.0,0.0
610.0,951,479,0,0.0,0.0
611.0,951,479,0,0.0,0.0
612.0,951,479,0,0.0,0.0
613.0,951,479,0,0.0,0.0
614.0,950,479,0,6.0,1.8071652714732127
615.0,949,478,1,11.5,3.4637334369903248
616.0,949,478,1,0.5,0.15059710595610107
617.0,948,478,1,6.0,1.8071652714732127
618.0,948,478,1,0.5,0.15059710595610107
619.0,948,478,1,0.0,0.0
620.0,948,478,1,0.0,0.0
621.0,948,478,1,0.0,0.0
622.0,947,478,1,6.0,1.8071652714732127
623.0,947,478,1,0.5,0.15059710595610107
624.0,947,478,1,0.0,0.0
625.0,947,478,1,0.0,0.0
626.0,947,478,1,0.0,0.0
627.0,947,478,1,0.0,0.0
628.0,947,478,1,0.0,0.0
629.0,947,478,0,7.0,2.108359483385415
630.0,947,478,0,0.0,0.0
631.0,947,478,0,0.0,0.0
632.0,947,478,0,0.0,0.0
633.0,947,478,0,0.0,0.0
634.0,947,478,0,0.0,0.0
635.0,947,478,0,0.0,0.0
636.0,947,478,0,0.0,0.0
637.0,947,478,0,0.0,0.0
638.0,947,478,0,0.0,0.0
639.0,947,478,0,0.0,0.0
640.0,947,478,0,0.0,0.0
641.0,947,478,0,0.0,0.0
642.0,947,478,0,0.0,0.0
643.0,947,478,0,0.0,0.0
644.0,947,478,0,0.0,0.0
645.0,947,478,0,0.0,0.0
646.0,947,478,0,0.0,0.0
647.0,946,478,0,6.0,1.8071652714732127
648.0,946,478,0,0.5,0.15059710595610107
649.0,946,478,0,0.0,0.0
650.0,946,478,0,0.0,0.0
651.0,946,478,0,0.0,0.0
652.0,945,478,0,6.0,1.8071652714732127
653.0,945,478,0,0.5,0.15059710595610107
654.0,945,478,0,0.0,0.0
655.0,945,478,0,0.0,0.0
656.0,945,478,0,0.0,0.0
657.0,945,478,0,0.0,0.0
658.0,945,478,0,0.0,0.0
659.0,945,478,0,0.0,0.0
660.0,945,478,0,0.0,0.0
661.0,945,477,1,5.0,1.5059710595610107
662.0,945,477,1,0.0,0.0
663.0,945,477,1,0.0,0.0
664.0,945,477,1,0.0,0.0
665.0,945,477,1,0.0,0.0
666.0,945,477,1,0.0,0.0
667.0,945,477,1,0.0,0.0
668.0,945,477,1,0.0,0.0
669.0,945,477,1,0.0,0.0
670.0,945,477,1,0.0,0.0
671.0,945,477,1,0.0,0.0
672.0,945,477,1,0.0,0.0
673.0,945,477,1,0.0,0.0
674.0,945,477,1,0.0,0.0
675.0,945,477,0,7.0,2.108359483385415
676.0,945,477,0,0.0,0.0
677.0,945,477,0,0.0,0.0
678.0,945,477,0,0.0,0.0
679.0,945,477,0,0.0,0.0
680.0,945,477,0,0.0,0.0
681.0,945,477,0,0.0,0.0
682.0,945,477,0,0.0,0.0
683.0,945,477,0,0.0,0.0
684.0,945,477,0,0.0,0.0
685.0,945,477,0,0.0,0.0
686.0,945,477,0,0.0,0.0
687.0,945,477,0,0.0,0.0
688.0,945,477,0,0.0,0.0
689.0,945,476,1,5.0,1.5059710595610107
690.0,944,476,1,6.0,1.8071652714732127
691.0,944,476,1,0.5,0.15059710595610107
692.0,944,476,1,0.0,0.0
693.0,944,476,1,0.0,0.0
694.0,943,476,1,6.0,1.8071652714732127
695.0,943,476,1,0.5,0.15059710595610107
696.0,943,476,1,0.0,0.0
697.0,943,476,1,0.0,0.0
698.0,943,476,0,7.0,2.108359483385415
699.0,943,476,0,0.0,0.0
700.0,943,476,0,0.0,0.0
701.0,943,476,0,0.0,0.0
702.0,943,476,0,0.0,0.0
703.0,943,476,0,0.0,0.0
704.0,943,476,0,0.0,0.0
705.0,943,476,0,0.0,0.0
706.0,943,476,0,0.0,0.0
707.0,943,476,0,0.0,0.0
708.0,943,476,0,0.0,0.0
709.0,943,476,0,0.0,0.0
710.0,943,476,0,0.0,0.0
711.0,943,476,0,0.0,0.0
712.0,943,476,0,0.0,0.0
713.0,943,476,0,0.0,0.0
714.0,943,476,0,0.0,0.0
715.0,943,476,0,0.0,0.0
716.0,943,476,0,0.0,0.0
717.0,943,476,0,0.0,0.0
718.0,943,476,0,0.0,0.0
719.0,943,476,0,0.0,0.0
720.0,943,476,0,0.0,0.0
721.0,943,476,0,0.0,0.0
722.0,943,476,0,0.0,0.0
723.0,943,476,0,0.0,0.0
724.0,943,476,0,0.0,0.0
725.0,943,476,0,0.0,0.0
726.0,943,476,0,0.0,0.0
727.0,943,476,0,0.0,0.0
728.0,942,476,0,6.0,1.8071652714732127
729.0,942,476,0,0.5,0.15059710595610107
730.0,941,476,0,6.0,1.8071652714732127
731.0,941,476,0,0.5,0.15059710595610107
732.0,941,476,0,0.0,0.0
733.0,940,476,0,6.0,1.8071652714732127
734.0,940,476,0,0.5,0.15059710595610107
735.0,940,476,0,0.0,0.0
736.0,940,476,0,0.0,0.0
737.0,940,476,0,0.0,0.0
738.0,940,476,0,0.0,0.0
739.0,940,476,0,0.0,0.0
740.0,940,475,1,5.0,1.5059710595610107
741.0,940,475,0,7.0,2.108359483385415
742.0,940,475,0,0.0,0.0
743.0,940,475,0,0.0,0.0
744.0,940,475,0,0.0,0.0
745.0,940,475,0,0.0,0.0
746.0,940,475,0,0.0,0.0
747.0,940,475,0,0.0,0.0
748.0,940,475,0,0.0,0.0
749.0,940,475,0,0.0,0.0
750.0,940,475,0,0.0,0.0
751.0,940,475,0,0.0,0.0
752.0,940,474,1,5.0,1.5059710595610107
753.0,940,474,1,0.0,0.0
754.0,940,474,0,7.0,2.108359483385415
755.0,940,474,0,0.0,0.0
756.0,940,474,0,0.0,0.0
757.0,940,474,0,0.0,0.0
758.0,940,474,0,0.0,0.0
759.0,940,474,0,0.0,0.0
760.0,940,474,0,0.0,0.0
761.0,940,474,0,0.0,0.0
762.0,940,474,0,0.0,0.0
763.0,940,474,0,0.0,0.0
764.0,939,474,0,6.0,1.8071652714732127
765.0,939,474,0,0.5,0.15059710595610107
766.0,938,474,0,6.0,1.8071652714732127
767.0,938,474,0,0.5,0.15059710595610107
768.0,938,474,0,0.0,0.0
769.0,938,474,0,0.0,0.0
770.0,937,474,0,6.0,1.8071652714732127
771.0,937,474,0,0.5,0.15059710595610107
772.0,936,474,0,6.0,1.8071652714732127
773.0,936,473,1,5.5,1.6565681655171118
774.0,936,473,1,0.0,0.0
775.0,936,473,0,7.0,2.108359483385415
776.0,936,473,0,0.0,0.0
777.0,936,473,0,0.0,0.0
778.0,936,473,0,0.0,0.0
779.0,936,473,0,0.0,0.0
780.0,936,473,0,0.0,0.0
781.0,936,472,1,5.0,1.5059710595610107
782.0,936,472,1,0.0,0.0
783.0,936,472,1,0.0,0.0
784.0,936,472,1,0.0,0.0
785.0,935,472,1,6.0,1.8071652714732127
786.0,935,472,0,7.5,2.258956589341516
787.0,935,472,0,0.0,0.0
788.0,935,472,0,0.0,0.0
789.0,935,472,0,0.0,0.0
790.0,935,472,0,0.0,0.0
791.0,935,472,0,0.0,0.0
792.0,934,472,0,6.0,1.8071652714732127
793.0,934,472,0,0.5,0.15059710595610107
794.0,933,472,0,6.0,1.8071652714732127
795.0,933,472,0,0.0,0.0
796.0,932,472,0,6.5,1.9577623774293138
797.0,932,472,0,0.5,0.15059710595610107
798.0,932,472,0,0.0,0.0
799.0,932,472,0,0.0,0.0
800.0,932,472,0,0.0,0.0
801.0,932,472,0,0.0,0.0
802.0,932,472,0,0.0,0.0
803.0,932,472,0,0.0,0.0
804.0,932,472,0,0.0,0.0
805.0,932,472,0,0.0,0.0
806.0,932,472,0,0.0,0.0
807.0,932,472,0,0.0,0.0
808.0,932,472,0,0.0,0.0
809.0,932,472,0,0.0,0.0
810.0,932,472,0,0.0,0.0
811.0,932,472,0,0.0,0.0
812.0,932,472,0,0.0,0.0
813.0,932,472,0,0.0,0.0
814.0,932,472,0,0.0,0.0
815.0,932,472,0,0.0,0.0
816.0,932,472,0,0.0,0.0
817.0,932,472,0,0.0,0.0
818.0,932,472,0,0.0,0.0
819.0,932,472,0,0.0,0.0
820.0,932,472,0,0.0,0.0
821.0,932,472,0,0.0,0.0
822.0,932,471,1,5.0,1.5059710595610107
823.0,932,471,1,0.0,0.0
824.0,932,471,1,0.0,0.0
825.0,931,471,1,6.0,1.8071652714732127
826.0,931,471,1,0.5,0.15059710595610107
827.0,931,471,0,7.0,2.108359483385415
828.0,931,471,0,0.0,0.0
829.0,931,471,0,0.0,0.0
830.0,931,471,0,0.0,0.0
831.0,931,471,0,0.0,0.0
832.0,931,471,0,0.0,0.0
833.0,931,471,0,0.0,0.0
834.0,931,471,0,0.0,0.0
835.0,931,471,0,0.0,0.0
836.0,931,471,0,0.0,0.0
837.0,931,471,0,0.0,0.0
838.0,931,471,0,0.0,0.0
839.0,931,471,0,0.0,0.0
840.0,931,471,0,0.0,0.0
841.0,931,471,0,0.0,0.0
842.0,931,471,0,0.0,0.0
843.0,931,471,0,0.0,0.0
844.0,931,471,0,0.0,0.0
845.0,931,471,0,0.0,0.0
846.0,930,471,0,6.0,1.8071652714732127
847.0,930,471,0,0.5,0.15059710595610107
848.0,930,471,0,0.0,0.0
849.0,930,471,0,0.0,0.0
850.0,930,471,0,0.0,0.0
851.0,930,471,0,0.0,0.0
852.0,930,471,0,0.0,0.0
853.0,930,471,0,0.0,0.0
854.0,930,471,0,0.0,0.0
855.0,930,471,0,0.0,0.0
856.0,930,471,0,0.0,0.0
857.0,930,471,0,0.0,0.0
858.0,930,471,0,0.0,0.0
859.0,930,471,0,0.0,0.0
860.0,930,471,0,0.0,0.0
861.0,930,471,0,0.0,0.0
862.0,930,471,0,0.0,0.0
863.0,930,471,0,0.0,0.0
864.0,930,471,0,0.0,0.0
865.0,930,471,0,0.0,0.0
866.0,930,471,0,0.0,0.0
867.0,930,471,0,0.0,0.0
868.0,930,471,0,0.0,0.0
869.0,930,471,0,0.0,0.0
870.0,930,471,0,0.0,0.0
871.0,930,471,0,0.0,0.0
872.0,930,471,0,0.0,0.0
873.0,930,471,0,0.0,0.0
874.0,930,471,0,0.0,0.0
875.0,930,471,0,0.0,0.0
876.0,930,471,0,0.0,0.0
877.0,930,471,0,0.0,0.0
878.0,930,471,0,0.0,0.0
879.0,930,470,1,5.0,1.5059710595610107
880.0,930,470,1,0.0,0.0
881.0,930,470,1,0.0,0.0
882.0,929,470,1,6.0,1.8071652714732127
883.0,929,470,1,0.5,0.15059710595610107
884.0,929,470,1,0.0,0.0
885.0,929,470,1,0.0,0.0
886.0,929,470,0,7.0,2.108359483385415
887.0,929,470,0,0.0,0.0
888.0,929,470,0,0.0,0.0
889.0,928,470,0,6.0,1.8071652714732127
890.0,928,470,0,0.5,0.15059710595610107
891.0,928,470,0,0.0,0.0
892.0,928,470,0,0.0,0.0
893.0,928,470,0,0.0,0.0
894.0,928,470,0,0.0,0.0
895.0,928,470,0,0.0,0.0
896.0,928,470,0,0.0,0.0
897.0,928,470,0,0.0,0.0
898.0,928,470,0,0.0,0.0
899.0,928,470,0,0.0,0.0
900.0,928,470,0,0.0,0.0
901.0,928,470,0,0.0,0.0
902.0,928,470,0,0.0,0.0
903.0,928,470,0,0.0,0.0
904.0,928,470,0,0.0,0.0
905.0,928,470,0,0.0,0.0
906.0,927,470,0,6.0,1.8071652714732127
907.0,927,470,0,0.5,0.15059710595610107
908.0,927,470,0,0.0,0.0
909.0,927,470,0,0.0,0.0
910.0,927,470,0,0.0,0.0
911.0,927,470,0,0.0,0.0
912.0,927,470,0,0.0,0.0
913.0,927,470,0,0.0,0.0
914.0,927,470,0,0.0,0.0
915.0,927,470,0,0.0,0.0
916.0,927,470,0,0.0,0.0
917.0,927,470,0,0.0,0.0
918.0,927,470,0,0.0,0.0
919.0,927,470,0,0.0,0.0
920.0,927,470,0,0.0,0.0
921.0,927,470,0,0.0,0.0
922.0,927,470,0,0.0,0.0
923.0,927,470,0,0.0,0.0
924.0,927,470,0,0.0,0.0
925.0,926,470,0,6.0,1.8071652714732127
926.0,926,470,0,0.5,0.15059710595610107
927.0,926,470,0,0.0,0.0
928.0,926,470,0,0.0,0.0
929.0,926,470,0,0.0,0.0
930.0,926,470,0,0.0,0.0
931.0,926,470,0,0.0,0.0
932.0,926,470,0,0.0,0.0
933.0,926,470,0,0.0,0.0
934.0,926,470,0,0.0,0.0
935.0,926,470,0,0.0,0.0
936.0,926,470,0,0.0,0.0
937.0,926,470,0,0.0,0.0
938.0,926,470,0,0.0,0.0
939.0,926,470,0,0.0,0.0
940.0,925,470,0,6.0,1.8071652714732127
941.0,925,470,0,0.5,0.15059710595610107
942.0,925,470,0,0.0,0.0
943.0,925,470,0,0.0,0.0
944.0,925,470,0,0.0,0.0
945.0,925,470,0,0.0,0.0
946.0,925,470,0,0.0,0.0
947.0,925,470,0,0.0,0.0
948.0,925,470,0,0.0,0.0
949.0,925,470,0,0.0,0.0
950.0,925,470,0,0.0,0.0
951.0,924,470,0,6.0,1.8071652714732127
952.0,924,470,0,0.5,0.15059710595610107
953.0,924,470,0,0.0,0.0
954.0,924,470,0,0.0,0.0
955.0,924,470,0,0.0,0.0
956.0,924,470,0,0.0,0.0
957.0,924,470,0,0.0,0.0
958.0,924,470,0,0.0,0.0
959.0,924,470,0,0.0,0.0
960.0,924,469,1,5.0,1.5059710595610107
961.0,924,469,0,7.0,2.108359483385415
962.0,924,469,0,0.0,0.0
963.0,923,468,1,11.0,3.3131363310342237
964.0,923,468,0,7.5,2.258956589341516
965.0,923,468,0,0.0,0.0
966.0,923,468,0,0.0,0.0
967.0,923,468,0,0.0,0.0
968.0,923,468,0,0.0,0.0
969.0,923,468,0,0.0,0.0
970.0,923,468,0,0.0,0.0
971.0,923,468,0,0.0,0.0
972.0,923,468,0,0.0,0.0
973.0,923,468,0,0.0,0.0
974.0,923,468,0,0.0,0.0
975.0,923,468,0,0.0,0.0
976.0,923,468,0,0.0,0.0
977.0,923,468,0,0.0,0.0
978.0,922,468,0,6.0,1.8071652714732127
979.0,922,468,0,0.5,0.15059710595610107
980.0,922,468,0,0.0,0.0
981.0,922,468,0,0.0,0.0
982.0,922,468,0,0.0,0.0
983.0,922,468,0,0.0,0.0
984.0,922,468,0,0.0,0.0
985.0,922,468,0,0.0,0.0
986.0,922,468,0,0.0,0.0
987.0,921,468,0,6.0,1.8071652714732127
988.0,921,468,0,0.5,0.15059710595610107
989.0,921,468,0,0.0,0.0
990.0,921,468,0,0.0,0.0
991.0,921,468,0,0.0,0.0
992.0,921,468,0,0.0,0.0
993.0,921,468,0,0.0,0.0
994.0,921,468,0,0.0,0.0
995.0,921,468,0,0.0,0.0
996.0,921,468,0,0.0,0.0
997.0,921,468,0,0.0,0.0
998.0,921,468,0,0.0,0.0
999.0,921,468,0,0.0,0.0
1000.0,921,468,0,0.0,0.0
1001.0,921,468,0,0.0,0.0
1002.0,921,468,0,0.0,0.0
1003.0,921,468,0,0.0,0.0
1004.0,921,468,0,0.0,0.0
1005.0,920,468,0,6.0,1.8071652714732127
1006.0,920,468,0,0.5,0.15059710595610107
1007.0,920,468,0,0.0,0.0
1008.0,920,468,0,0.0,0.0
1009.0,920,468,0,0.0,0.0
1010.0,920,468,0,0.0,0.0
1011.0,920,468,0,0.0,0.0
1012.0,920,468,0,0.0,0.0
1013.0,920,468,0,0.0,0.0
1014.0,919,468,0,6.0,1.8071652714732127
1015.0,919,468,0,0.5,0.15059710595610107
1016.0,919,468,0,0.0,0.0
1017.0,919,468,0,0.0,0.0
1018.0,918,468,0,6.0,1.8071652714732127
1019.0,918,468,0,0.5,0.15059710595610107
1020.0,918,468,0,0.0,0.0
1021.0,918,468,0,0.0,0.0
1022.0,918,468,0,0.0,0.0
1023.0,918,468,0,0.0,0.0
1024.0,918,468,0,0.0,0.0
1025.0,918,468,0,0.0,0.0
1026.0,918,468,0,0.0,0.0
1027.0,918,468,0,0.0,0.0
1028.0,918,468,0,0.0,0.0
1029.0,918,468,0,0.0,0.0
1030.0,918,468,0,0.0,0.0
1031.0,918,468,0,0.0,0.0
1032.0,918,468,0,0.0,0.0
1033.0,918,468,0,0.0,0.0
1034.0,918,468,0,0.0,0.0
1035.0,918,468,0,0.0,0.0
1036.0,918,468,0,0.0,0.0
1037.0,918,468,0,0.0,0.0
1038.0,918,468,0,0.0,0.0
1039.0,918,468,0,0.0,0.0
1040.0,918,468,0,0.0,0.0
1041.0,918,468,0,0.0,0.0
1042.0,918,468,0,0.0,0.0
1043.0,918,468,0,0.0,0.0
1044.0,918,468,0,0.0,0.0
1045.0,918,468,0,0.0,0.0
1046.0,918,468,0,0.0,0.0
1047.0,918,468,0,0.0,0.0
1048.0,918,468,0,0.0,0.0
1049.0,918,468,0,0.0,0.0
1050.0,917,468,0,6.0,1.8071652714732127
1051.0,917,468,0,0.5,0.15059710595610107
1052.0,917,468,0,0.0,0.0
1053.0,917,468,0,0.0,0.0
1054.0,917,468,0,0.0,0.0
1055.0,917,468,0,0.0,0.0
1056.0,917,468,0,0.0,0.0
1057.0,917,468,0,0.0,0.0
1058.0,917,468,0,0.0,0.0
1059.0,917,468,0,0.0,0.0
1060.0,917,468,0,0.0,0.0
1061.0,917,468,0,0.0,0.0
1062.0,917,468,0,0.0,0.0
1063.0,917,468,0,0.0,0.0
1064.0,917,468,0,0.0,0.0
1065.0,917,468,0,0.0,0.0
1066.0,917,468,0,0.0,0.0
1067.0,917,468,0,0.0,0.0
1068.0,917,468,0,0.0,0.0
1069.0,917,468,0,0.0,0.0
1070.0,917,468,0,0.0,0.0
1071.0,917,468,0,0.0,0.0
1072.0,917,468,0,0.0,0.0
1073.0,917,468,0,0.0,0.0
1074.0,917,468,0,0.0,0.0
1075.0,917,468,0,0.0,0.0
1076.0,917,468,0,0.0,0.0
1077.0,917,468,0,0.0,0.0
1078.0,917,468,0,0.0,0.0
1079.0,917,468,0,0.0,0.0
1080.0,917,468,0,0.0,0.0
1081.0,917,468,0,0.0,0.0
1082.0,917,468,0,0.0,0.0
1083.0,917,468,0,0.0,0.0
1084.0,917,468,0,0.0,0.0
1085.0,917,468,0,0.0,0.0
1086.0,917,468,0,0.0,0.0
1087.0,917,468,0,0.0,0.0
1088.0,917,468,0,0.0,0.0
1089.0,917,468,0,0.0,0.0
1090.0,916,468,0,6.0,1.8071652714732127
1091.0,916,468,0,0.5,0.15059710595610107
1092.0,916,468,0,0.0,0.0
1093.0,916,468,0,0.0,0.0
1094.0,916,468,0,0.0,0.0
1095.0,916,468,0,0.0,0.0
1096.0,916,468,0,0.0,0.0
1097.0,916,468,0,0.0,0.0
1098.0,916,468,0,0.0,0.0
1099.0,916,468,0,0.0,0.0
1100.0,916,468,0,0.0,0.0
1101.0,916,468,0,0.0,0.0
1102.0,915,468,0,6.0,1.8071652714732127
1103.0,915,468,0,0.5,0.15059710595610107
1104.0,915,468,0,0.0,0.0
1105.0,915,468,0,0.0,0.0
1106.0,915,468,0,0.0,0.0
1107.0,915,468,0,0.0,0.0
1108.0,915,468,0,0.0,0.0
1109.0,915,468,0,0.0,0.0
1110.0,915,468,0,0.0,0.0
1111.0,915,468,0,0.0,0.0
1112.0,915,468,0,0.0,0.0
1113.0,915,466,2,10.0,3.0119421191220215
1114.0,915,466,1,7.0,2.108359483385415
1115.0,914,466,1,6.0,1.8071652714732127
1116.0,914,466,0,7.5,2.258956589341516
1117.0,914,466,0,0.0,0.0
1118.0,914,466,0,0.0,0.0
1119.0,914,466,0,0.0,0.0
1120.0,914,466,0,0.0,0.0
1121.0,914,466,0,0.0,0.0
1122.0,914,466,0,0.0,0.0
1123.0,914,466,0,0.0,0.0
1124.0,914,466,0,0.0,0.0
1125.0,914,466,0,0.0,0.0
1126.0,914,466,0,0.0,0.0
1127.0,914,466,0,0.0,0.0
1128.0,914,466,0,0.0,0.0
1129.0,914,466,0,0.0,0.0
1130.0,914,466,0,0.0,0.0
1131.0,914,466,0,0.0,0.0
1132.0,913,466,0,6.0,1.8071652714732127
1133.0,913,466,0,0.5,0.15059710595610107
1134.0,913,466,0,0.0,0.0
1135.0,913,466,0,0.0,0.0
1136.0,913,466,0,0.0,0.0
1137.0,913,466,0,0.0,0.0
1138.0,913,466,0,0.0,0.0
1139.0,913,466,0,0.0,0.0
1140.0,913,466,0,0.0,0.0
1141.0,913,466,0,0.0,0.0
1142.0,913,466,0,0.0,0.0
1143.0,913,466,0,0.0,0.0
1144.0,913,466,0,0.0,0.0
1145.0,913,466,0,0.0,0.0
1146.0,913,466,0,0.0,0.0
1147.0,913,466,0,0.0,0.0
1148.0,913,466,0,0.0,0.0
1149.0,913,466,0,0.0,0.0
1150.0,913,466,0,0.0,0.0
1151.0,913,466,0,0.0,0.0
1152.0,913,466,0,0.0,0.0
1153.0,913,466,0,0.0,0.0
1154.0,913,466,0,0.0,0.0
1155.0,913,466,0,0.0,0.0
1156.0,913,466,0,0.0,0.0
1157.0,913,466,0,0.0,0.0
1158.0,913,466,0,0.0,0.0
1159.0,913,466,0,0.0,0.0
1160.0,913,466,0,0.0,0.0
1161.0,913,465,1,5.0,1.5059710595610107
1162.0,913,465,0,7.0,2.108359483385415
1163.0,913,465,0,0.0,0.0
1164.0,913,465,0,0.0,0.0
1165.0,913,465,0,0.0,0.0
1166.0,913,464,1,5.0,1.5059710595610107
1167.0,913,464,1,0.0,0.0
1168.0,913,464,0,7.0,2.108359483385415
1169.0,913,464,0,0.0,0.0
1170.0,913,464,0,0.0,0.0
1171.0,913,464,0,0.0,0.0
1172.0,913,464,0,0.0,0.0
1173.0,913,463,1,5.0,1.5059710595610107
1174.0,913,463,0,7.0,2.108359483385415
1175.0,913,463,0,0.0,0.0
1176.0,913,463,0,0.0,0.0
1177.0,913,463,0,0.0,0.0
1178.0,913,463,0,0.0,0.0
1179.0,913,463,0,0.0,0.0
1180.0,913,462,1,5.0,1.5059710595610107
1181.0,913,461,2,5.0,1.5059710595610107
1182.0,913,461,2,0.0,0.0
1183.0,913,461,2,0.0,0.0
1184.0,913,461,2,0.0,0.0
1185.0,913,461,1,7.0,2.108359483385415
1186.0,913,461,1,0.0,0.0
1187.0,913,461,1,0.0,0.0
1188.0,913,461,1,0.0,0.0
1189.0,913,461,1,0.0,0.0
1190.0,913,461,1,0.0,0.0
1191.0,913,461,0,7.0,2.108359483385415
1192.0,913,461,0,0.0,0.0
1193.0,912,461,0,6.0,1.8071652714732127
1194.0,912,461,0,0.5,0.15059710595610107
1195.0,912,461,0,0.0,0.0
1196.0,912,461,0,0.0,0.0
1197.0,912,461,0,0.0,0.0
1198.0,912,461,0,0.0,0.0
1199.0,911,461,0,6.0,1.8071652714732127
1200.0,910,461,0,6.5,1.9577623774293138
1201.0,909,461,0,6.5,1.9577623774293138
1202.0,909,461,0,0.5,0.15059710595610107
1203.0,909,461,0,0.0,0.0
1204.0,909,461,0,0.0,0.0
1205.0,909,461,0,0.0,0.0
1206.0,909,461,0,0.0,0.0
1207.0,909,461,0,0.0,0.0
1208.0,909,461,0,0.0,0.0
1209.0,909,461,0,0.0,0.0
1210.0,909,461,0,0.0,0.0
1211.0,909,461,0,0.0,0.0
1212.0,909,461,0,0.0,0.0
1213.0,909,461,0,0.0,0.0
1214.0,909,461,0,0.0,0.0
1215.0,909,461,0,0.0,0.0
1216.0,909,461,0,0.0,0.0
1217.0,909,461,0,0.0,0.0
1218.0,909,461,0,0.0,0.0
1219.0,909,461,0,0.0,0.0
1220.0,909,461,0,0.0,0.0
1221.0,909,461,0,0.0,0.0
1222.0,909,461,0,0.0,0.0
1223.0,909,461,0,0.0,0.0
1224.0,909,461,0,0.0,0.0
1225.0,909,461,0,0.0,0.0
1226.0,909,461,0,0.0,0.0
1227.0,909,461,0,0.0,0.0
1228.0,909,461,0,0.0,0.0
1229.0,909,461,0,0.0,0.0
1230.0,909,461,0,0.0,0.0
1231.0,909,461,0,0.0,0.0
1232.0,909,461,0,0.0,0.0
1233.0,909,461,0,0.0,0.0
1234.0,909,461,0,0.0,0.0
1235.0,909,461,0,0.0,0.0
1236.0,909,461,0,0.0,0.0
1237.0,909,461,0,0.0,0.0
1238.0,909,461,0,0.0,0.0
1239.0,909,461,0,0.0,0.0
1240.0,909,461,0,0.0,0.0
1241.0,909,461,0,0.0,0.0
1242.0,909,461,0,0.0,0.0
1243.0,909,461,0,0.0,0.0
1244.0,909,461,0,0.0,0.0
1245.0,909,461,0,0.0,0.0
1246.0,909,461,0,0.0,0.0
1247.0,909,461,0,0.0,0.0
1248.0,909,461,0,0.0,0.0
1249.0,909,461,0,0.0,0.0
1250.0,909,461,0,0.0,0.0
1251.0,909,461,0,0.0,0.0
1252.0,909,461,0,0.0,0.0
1253.0,909,461,0,0.0,0.0
1254.0,909,461,0,0.0,0.0
1255.0,909,461,0,0.0,0.0
1256.0,909,461,0,0.0,0.0
1257.0,909,461,0,0.0,0.0
1258.0,909,461,0,0.0,0.0
1259.0,909,461,0,0.0,0.0
1260.0,909,461,0,0.0,0.0
1261.0,909,461,0,0.0,0.0
1262.0,909,461,0,0.0,0.0
1263.0,909,461,0,0.0,0.0
1264.0,909,461,0,0.0,0.0
1265.0,909,461,0,0.0,0.0
1266.0,909,461,0,0.0,0.0
1267.0,909,461,0,0.0,0.0
1268.0,909,461,0,0.0,0.0
1269.0,909,461,0,0.0,0.0
1270.0,909,461,0,0.0,0.0
1271.0,908,461,0,6.0,1.8071652714732127
1272.0,907,461,0,6.5,1.9577623774293138
1273.0,907,460,1,5.5,1.6565681655171118
1274.0,907,460,1,0.0,0.0
1275.0,907,460,1,0.0,0.0
1276.0,907,460,1,0.0,0.0
1277.0,907,460,1,0.0,0.0
1278.0,907,460,0,7.0,2.108359483385415
1279.0,907,460,0,0.0,0.0
1280.0,907,460,0,0.0,0.0
1281.0,907,460,0,0.0,0.0
1282.0,907,460,0,0.0,0.0
1283.0,907,460,0,0.0,0.0
1284.0,907,460,0,0.0,0.0
1285.0,907,460,0,0.0,0.0
1286.0,906,460,0,6.0,1.8071652714732127
1287.0,906,460,0,0.5,0.15059710595610107
1288.0,906,460,0,0.0,0.0
1289.0,906,460,0,0.0,0.0
1290.0,906,460,0,0.0,0.0
1291.0,906,460,0,0.0,0.0
1292.0,906,460,0,0.0,0.0
1293.0,906,460,0,0.0,0.0
1294.0,906,460,0,0.0,0.0
1295.0,906,460,0,0.0,0.0
1296.0,906,460,0,0.0,0.0
1297.0,906,460,0,0.0,0.0
1298.0,906,460,0,0.0,0.0
1299.0,906,460,0,0.0,0.0
1300.0,906,460,0,0.0,0.0
1301.0,906,460,0,0.0,0.0
1302.0,906,460,0,0.0,0.0
1303.0,906,460,0,0.0,0.0
1304.0,906,460,0,0.0,0.0
1305.0,906,460,0,0.0,0.0
1306.0,906,460,0,0.0,0.0
1307.0,905,460,0,6.0,1.8071652714732127
1308.0,905,460,0,0.5,0.15059710595610107
1309.0,905,460,0,0.0,0.0
1310.0,905,460,0,0.0,0.0
1311.0,905,459,1,5.0,1.5059710595610107
1312.0,905,459,1,0.0,0.0
1313.0,905,459,1,0.0,0.0
1314.0,905,459,1,0.0,0.0
1315.0,905,459,0,7.0,2.108359483385415
1316.0,905,459,0,0.0,0.0
1317.0,905,459,0,0.0,0.0
1318.0,905,459,0,0.0,0.0
1319.0,905,459,0,0.0,0.0
1320.0,905,459,0,0.0,0.0
1321.0,905,459,0,0.0,0.0
1322.0,905,459,0,0.0,0.0
1323.0,905,459,0,0.0,0.0
1324.0,905,459,0,0.0,0.0
1325.0,905,459,0,0.0,0.0
1326.0,905,459,0,0.0,0.0
1327.0,905,459,0,0.0,0.0
1328.0,905,459,0,0.0,0.0
1329.0,905,459,0,0.0,0.0
1330.0,905,459,0,0.0,0.0
1331.0,905,459,0,0.0,0.0
1332.0,905,459,0,0.0,0.0
1333.0,905,459,0,0.0,0.0
1334.0,905,459,0,0.0,0.0
1335.0,905,459,0,0.0,0.0
1336.0,905,459,0,0.0,0.0
1337.0,904,459,0,6.0,1.8071652714732127
1338.0,904,459,0,0.5,0.15059710595610107
1339.0,904,459,0,0.0,0.0
1340.0,904,459,0,0.0,0.0
1341.0,904,459,0,0.0,0.0
1342.0,904,459,0,0.0,0.0
1343.0,904,459,0,0.0,0.0
1344.0,904,459,0,0.0,0.0
1345.0,904,459,0,0.0,0.0
1346.0,904,459,0,0.0,0.0
1347.0,904,459,0,0.0,0.0
1348.0,904,459,0,0.0,0.0
1349.0,904,459,0,0.0,0.0
1350.0,904,459,0,0.0,0.0
1351.0,904,459,0,0.0,0.0
1352.0,904,459,0,0.0,0.0
1353.0,904,459,0,0.0,0.0
1354.0,904,459,0,0.0,0.0
1355.0,904,459,0,0.0,0.0
1356.0,904,459,0,0.0,0.0
1357.0,904,459,0,0.0,0.0
1358.0,904,459,0,0.0,0.0
1359.0,904,459,0,0.0,0.0
1360.0,904,459,0,0.0,0.0
1361.0,904,459,0,0.0,0.0
1362.0,904,459,0,0.0,0.0
1363.0,904,459,0,0.0,0.0
1364.0,904,459,0,0.0,0.0
1365.0,904,459,0,0.0,0.0
1366.0,904,459,0,0.0,0.0
1367.0,904,459,0,0.0,0.0
1368.0,904,459,0,0.0,0.0
1369.0,904,459,0,0.0,0.0
1370.0,904,459,0,0.0,0.0
1371.0,904,459,0,0.0,0.0
1372.0,904,459,0,0.0,0.0
1373.0,904,459,0,0.0,0.0
1374.0,904,459,0,0.0,0.0
1375.0,904,459,0,0.0,0.0
1376.0,904,459,0,0.0,0.0
1377.0,904,459,0,0.0,0.0
1378.0,904,459,0,0.0,0.0
1379.0,904,459,0,0.0,0.0
1380.0,904,459,0,0.0,0.0
1381.0,904,459,0,0.0,0.0
1382.0,904,459,0,0.0,0.0
1383.0,904,459,0,0.0,0.0
1384.0,904,459,0,0.0,0.0
1385.0,904,459,0,0.0,0.0
1386.0,904,459,0,0.0,0.0
1387.0,904,459,0,0.0,0.0
1388.0,904,459,0,0.0,0.0
1389.0,904,459,0,0.0,0.0
1390.0,904,459,0,0.0,0.0
1391.0,904,459,0,0.0,0.0
1392.0,904,459,0,0.0,0.0
1393.0,904,459,0,0.0,0.0
1394.0,904,459,0,0.0,0.0
1395.0,904,459,0,0.0,0.0
1396.0,904,459,0,0.0,0.0
1397.0,904,459,0,0.0,0.0
1398.0,903,459,0,6.0,1.8071652714732127
1399.0,903,459,0,0.5,0.15059710595610107
1400.0,903,459,0,0.0,0.0
1401.0,902,459,0,6.0,1.8071652714732127
1402.0,902,459,0,0.5,0.15059710595610107
1403.0,902,459,0,0.0,0.0
1404.0,902,459,0,0.0,0.0
1405.0,902,459,0,0.0,0.0
1406.0,902,459,0,0.0,0.0
1407.0,902,459,0,0.0,0.0
1408.0,902,459,0,0.0,0.0
1409.0,902,459,0,0.0,0.0
1410.0,902,459,0,0.0,0.0
1411.0,902,459,0,0.0,0.0
1412.0,902,459,0,0.0,0.0
1413.0,902,459,0,0.0,0.0
1414.0,902,459,0,0.0,0.0
1415.0,902,458,1,5.0,1.5059710595610107
1416.0,902,458,1,0.0,0.0
1417.0,902,458,1,0.0,0.0
1418.0,902,458,0,7.0,2.108359483385415
1419.0,902,458,0,0.0,0.0
1420.0,902,458,0,0.0,0.0
1421.0,902,458,0,0.0,0.0
1422.0,902,458,0,0.0,0.0
1423.0,902,458,0,0.0,0.0
1424.0,902,458,0,0.0,0.0
1425.0,902,458,0,0.0,0.0
1426.0,902,458,0,0.0,0.0
1427.0,902,458,0,0.0,0.0
1428.0,902,458,0,0.0,0.0
1429.0,902,458,0,0.0,0.0
1430.0,902,458,0,0.0,0.0
1431.0,901,458,0,6.0,1.8071652714732127
1432.0,901,458,0,0.5,0.15059710595610107
1433.0,901,458,0,0.0,0.0
1434.0,901,458,0,0.0,0.0
1435.0,901,458,0,0.0,0.0
1436.0,901,458,0,0.0,0.0
1437.0,901,458,0,0.0,0.0
1438.0,901,458,0,0.0,0.0
1439.0,901,458,0,0.0,0.0
1440.0,901,458,0,0.0,0.0
1441.0,901,458,0,0.0,0.0
1442.0,901,458,0,0.0,0.0
1443.0,901,458,0,0.0,0.0
1444.0,901,458,0,0.0,0.0
1445.0,901,458,0,0.0,0.0
1446.0,901,458,0,0.0,0.0
1447.0,901,458,0,0.0,0.0
1448.0,901,458,0,0.0,0.0
1449.0,901,458,0,0.0,0.0
1450.0,901,458,0,0.0,0.0
1451.0,901,458,0,0.0,0.0
1452.0,901,458,0,0.0,0.0
1453.0,901,458,0,0.0,0.0
1454.0,901,458,0,0.0,0.0
1455.0,901,458,0,0.0,0.0
1456.0,901,458,0,0.0,0.0
1457.0,901,458,0,0.0,0.0
1458.0,901,458,0,0.0,0.0
1459.0,901,458,0,0.0,0.0
1460.0,901,458,0,0.0,0.0
1461.0,901,458,0,0.0,0.0
1462.0,901,458,0,0.0,0.0
1463.0,900,458,0,6.0,1.8071652714732127
1464.0,900,458,0,0.5,0.15059710595610107
1465.0,900,458,0,0.0,0.0
1466.0,900,458,0,0.0,0.0
1467.0,900,458,0,0.0,0.0
1468.0,900,458,0,0.0,0.0
1469.0,900,458,0,0.0,0.0
1470.0,900,458,0,0.0,0.0
1471.0,900,457,1,5.0,1.5059710595610107
1472.0,900,457,1,0.0,0.0
1473.0,900,457,0,7.0,2.108359483385415
1474.0,900,457,0,0.0,0.0
1475.0,900,457,0,0.0,0.0
1476.0,900,457,0,0.0,0.0
1477.0,900,457,0,0.0,0.0
1478.0,899,457,0,6.0,1.8071652714732127
1479.0,899,457,0,0.5,0.15059710595610107
1480.0,899,457,0,0.0,0.0
1481.0,899,457,0,0.0,0.0
1482.0,899,457,0,0.0,0.0
1483.0,899,456,1,5.0,1.5059710595610107
1484.0,899,456,1,0.0,0.0
1485.0,899,456,0,7.0,2.108359483385415
1486.0,899,456,0,0.0,0.0
1487.0,898,456,0,6.0,1.8071652714732127
1488.0,898,456,0,0.5,0.15059710595610107
1489.0,898,456,0,0.0,0.0
1490.0,898,456,0,0.0,0.0
1491.0,898,456,0,0.0,0.0
1492.0,898,456,0,0.0,0.0
1493.0,898,456,0,0.0,0.0
1494.0,898,456,0,0.0,0.0
1495.0,898,456,0,0.0,0.0
1496.0,898,456,0,0.0,0.0
1497.0,898,456,0,0.0,0.0
1498.0,898,456,0,0.0,0.0
1499.0,898,456,0,0.0,0.0
1500.0,898,456,0,0.0,0.0
1501.0,898,456,0,0.0,0.0
1502.0,898,456,0,0.0,0.0
1503.0,898,456,0,0.0,0.0
1504.0,898,456,0,0.0,0.0
1505.0,898,456,0,0.0,0.0
1506.0,898,456,0,0.0,0.0
1507.0,898,456,0,0.0,0.0
1508.0,898,456,0,0.0,0.0
1509.0,898,456,0,0.0,0.0
1510.0,898,456,0,0.0,0.0
1511.0,898,456,0,0.0,0.0
1512.0,898,456,0,0.0,0.0
1513.0,898,456,0,0.0,0.0
1514.0,898,456,0,0.0,0.0
1515.0,898,456,0,0.0,0.0
1516.0,898,456,0,0.0,0.0
1517.0,898,456,0,0.0,0.0
1518.0,898,456,0,0.0,0.0
1519.0,898,456,0,0.0,0.0
1520.0,898,456,0,0.0,0.0
1521.0,898,456,0,0.0,0.0
1522.0,898,456,0,0.0,0.0
1523.0,898,456,0,0.0,0.0
1524.0,898,456,0,0.0,0.0
1525.0,897,456,0,6.0,1.8071652714732127
1526.0,897,456,0,0.5,0.15059710595610107
1527.0,896,456,0,6.0,1.8071652714732127
1528.0,896,456,0,0.5,0.15059710595610107
1529.0,896,456,0,0.0,0.0
1530.0,896,456,0,0.0,0.0
1531.0,896,456,0,0.0,0.0
1532.0,896,456,0,0.0,0.0
1533.0,896,456,0,0.0,0.0
1534.0,896,456,0,0.0,0.0
1535.0,896,456,0,0.0,0.0
1536.0,896,456,0,0.0,0.0
1537.0,896,456,0,0.0,0.0
1538.0,896,456,0,0.0,0.0
1539.0,896,456,0,0.0,0.0
1540.0,896,456,0,0.0,0.0
1541.0,896,456,0,0.0,0.0
1542.0,896,456,0,0.0,0.0
1543.0,896,456,0,0.0,0.0
1544.0,896,456,0,0.0,0.0
1545.0,896,456,0,0.0,0.0
1546.0,896,456,0,0.0,0.0
1547.0,896,456,0,0.0,0.0
1548.0,896,456,0,0.0,0.0
1549.0,895,456,0,6.0,1.8071652714732127
1550.0,895,456,0,0.5,0.15059710595610107
1551.0,895,456,0,0.0,0.0
1552.0,895,456,0,0.0,0.0
1553.0,895,456,0,0.0,0.0
1554.0,895,456,0,0.0,0.0
1555.0,895,456,0,0.0,0.0
1556.0,895,456,0,0.0,0.0
1557.0,894,456,0,6.0,1.8071652714732127
1558.0,894,455,1,5.5,1.6565681655171118
1559.0,894,455,1,0.0,0.0
1560.0,894,455,1,0.0,0.0
1561.0,894,455,1,0.0,0.0
1562.0,894,455,1,0.0,0.0
1563.0,893,455,1,6.0,1.8071652714732127
1564.0,893,455,1,0.5,0.15059710595610107
1565.0,893,455,1,0.0,0.0
1566.0,893,455,1,0.0,0.0
1567.0,893,455,1,0.0,0.0
1568.0,893,455,1,0.0,0.0
1569.0,893,455,1,0.0,0.0
1570.0,893,455,0,7.0,2.108359483385415
1571.0,893,455,0,0.0,0.0
1572.0,893,455,0,0.0,0.0
1573.0,893,455,0,0.0,0.0
1574.0,893,455,0,0.0,0.0
1575.0,893,455,0,0.0,0.0
1576.0,892,455,0,6.0,1.8071652714732127
1577.0,892,455,0,0.5,0.15059710595610107
1578.0,891,455,0,6.0,1.8071652714732127
1579.0,891,455,0,0.5,0.15059710595610107
1580.0,891,455,0,0.0,0.0
1581.0,890,455,0,6.0,1.8071652714732127
1582.0,890,455,0,0.5,0.15059710595610107
1583.0,890,455,0,0.0,0.0
1584.0,890,455,0,0.0,0.0
1585.0,890,455,0,0.0,0.0
1586.0,890,455,0,0.0,0.0
1587.0,890,455,0,0.0,0.0
1588.0,890,455,0,0.0,0.0
1589.0,890,455,0,0.0,0.0
1590.0,890,455,0,0.0,0.0
1591.0,890,455,0,0.0,0.0
1592.0,890,455,0,0.0,0.0
1593.0,890,455,0,0.0,0.0
1594.0,890,455,0,0.0,0.0
1595.0,890,455,0,0.0,0.0
1596.0,890,455,0,0.0,0.0
1597.0,890,455,0,0.0,0.0
1598.0,890,455,0,0.0,0.0
1599.0,890,455,0,0.0,0.0
1600.0,890,455,0,0.0,0.0
1601.0,890,455,0,0.0,0.0
1602.0,890,455,0,0.0,0.0
1603.0,890,455,0,0.0,0.0
1604.0,890,455,0,0.0,0.0
1605.0,890,455,0,0.0,0.0
1606.0,890,455,0,0.0,0.0
1607.0,890,455,0,0.0,0.0
1608.0,890,455,0,0.0,0.0
1609.0,890,455,0,0.0,0.0
1610.0,890,455,0,0.0,0.0
1611.0,889,455,0,6.0,1.8071652714732127
1612.0,889,455,0,0.5,0.15059710595610107
1613.0,889,455,0,0.0,0.0
1614.0,889,455,0,0.0,0.0
1615.0,889,455,0,0.0,0.0
1616.0,889,455,0,0.0,0.0
1617.0,889,455,0,0.0,0.0
1618.0,889,455,0,0.0,0.0
1619.0,889,455,0,0.0,0.0
1620.0,889,455,0,0.0,0.0
1621.0,889,455,0,0.0,0.0
1622.0,889,455,0,0.0,0.0
1623.0,889,455,0,0.0,0.0
1624.0,889,455,0,0.0,0.0
1625.0,889,455,0,0.0,0.0
1626.0,889,455,0,0.0,0.0
1627.0,889,455,0,0.0,0.0
1628.0,889,455,0,0.0,0.0
1629.0,889,455,0,0.0,0.0
1630.0,889,455,0,0.0,0.0
1631.0,889,455,0,0.0,0.0
1632.0,889,455,0,0.0,0.0
1633.0,889,454,1,5.0,1.5059710595610107
1634.0,888,454,1,6.0,1.8071652714732127
1635.0,888,454,1,0.5,0.15059710595610107
1636.0,888,454,1,0.0,0.0
1637.0,888,454,1,0.0,0.0
1638.0,888,454,1,0.0,0.0
1639.0,887,454,1,6.0,1.8071652714732127
1640.0,887,454,0,7.5,2.258956589341516
1641.0,887,454,0,0.0,0.0
1642.0,887,454,0,0.0,0.0
1643.0,887,454,0,0.0,0.0
1644.0,887,454,0,0.0,0.0
1645.0,887,454,0,0.0,0.0
1646.0,887,454,0,0.0,0.0
1647.0,887,454,0,0.0,0.0
1648.0,887,454,0,0.0,0.0
1649.0,886,454,0,6.0,1.8071652714732127
1650.0,886,454,0,0.5,0.15059710595610107
1651.0,886,454,0,0.0,0.0
1652.0,886,454,0,0.0,0.0
1653.0,886,454,0,0.0,0.0
1654.0,886,454,0,0.0,0.0
1655.0,886,454,0,0.0,0.0
1656.0,886,454,0,0.0,0.0
1657.0,886,454,0,0.0,0.0
1658.0,886,454,0,0.0,0.0
1659.0,886,454,0,0.0,0.0
1660.0,885,454,0,6.0,1.8071652714732127
1661.0,885,454,0,0.5,0.15059710595610107
1662.0,885,454,0,0.0,0.0
1663.0,885,454,0,0.0,0.0
1664.0,885,454,0,0.0,0.0
1665.0,885,454,0,0.0,0.0
1666.0,885,454,0,0.0,0.0
1667.0,885,454,0,0.0,0.0
1668.0,885,454,0,0.0,0.0
1669.0,885,454,0,0.0,0.0
1670.0,885,454,0,0.0,0.0
1671.0,885,454,0,0.0,0.0
1672.0,885,454,0,0.0,0.0
1673.0,885,454,0,0.0,0.0
1674.0,885,454,0,0.0,0.0
1675.0,885,454,0,0.0,0.0
1676.0,885,454,0,0.0,0.0
1677.0,885,454,0,0.0,0.0
1678.0,885,454,0,0.0,0.0
1679.0,885,454,0,0.0,0.0
1680.0,885,454,0,0.0,0.0
1681.0,885,454,0,0.0,0.0
1682.0,885,454,0,0.0,0.0
1683.0,885,454,0,0.0,0.0
1684.0,885,454,0,0.0,0.0
1685.0,885,454,0,0.0,0.0
1686.0,885,454,0,0.0,0.0
1687.0,885,454,0,0.0,0.0
1688.0,885,454,0,0.0,0.0
1689.0,885,453,1,5.0,1.5059710595610107
1690.0,885,453,1,0.0,0.0
1691.0,884,453,1,6.0,1.8071652714732127
1692.0,884,453,0,7.5,2.258956589341516
1693.0,884,453,0,0.0,0.0
1694.0,884,453,0,0.0,0.0
1695.0,884,453,0,0.0,0.0
1696.0,884,453,0,0.0,0.0
1697.0,884,453,0,0.0,0.0
1698.0,884,453,0,0.0,0.0
1699.0,884,453,0,0.0,0.0
1700.0,884,452,1,5.0,1.5059710595610107
1701.0,884,452,1,0.0,0.0
1702.0,884,452,1,0.0,0.0
1703.0,884,452,1,0.0,0.0
1704.0,884,452,1,0.0,0.0
1705.0,884,452,1,0.0,0.0
1706.0,884,452,1,0.0,0.0
1707.0,884,452,1,0.0,0.0
1708.0,884,452,1,0.0,0.0
1709.0,884,452,1,0.0,0.0
1710.0,884,452,1,0.0,0.0
1711.0,884,452,1,0.0,0.0
1712.0,884,452,1,0.0,0.0
1713.0,884,452,1,0.0,0.0
1714.0,884,452,1,0.0,0.0
1715.0,884,452,1,0.0,0.0
1716.0,884,452,1,0.0,0.0
1717.0,884,452,1,0.0,0.0
1718.0,884,452,1,0.0,0.0
1719.0,884,452,1,0.0,0.0
1720.0,883,452,1,6.0,1.8071652714732127
1721.0,883,452,1,0.5,0.15059710595610107
1722.0,883,452,0,7.0,2.108359483385415
1723.0,883,452,0,0.0,0.0
1724.0,883,452,0,0.0,0.0
1725.0,883,452,0,0.0,0.0
1726.0,883,452,0,0.0,0.0
1727.0,883,452,0,0.0,0.0
1728.0,883,452,0,0.0,0.0
1729.0,883,452,0,0.0,0.0
1730.0,882,452,0,6.0,1.8071652714732127
1731.0,882,452,0,0.5,0.15059710595610107
1732.0,882,452,0,0.0,0.0
1733.0,882,452,0,0.0,0.0
1734.0,882,452,0,0.0,0.0
1735.0,882,452,0,0.0,0.0
1736.0,882,452,0,0.0,0.0
1737.0,882,452,0,0.0,0.0
1738.0,882,452,0,0.0,0.0
1739.0,882,452,0,0.0,0.0
1740.0,882,452,0,0.0,0.0
1741.0,881,452,0,6.0,1.8071652714732127
1742.0,881,452,0,0.5,0.15059710595610107
1743.0,881,452,0,0.0,0.0
1744.0,881,452,0,0.0,0.0
1745.0,881,452,0,0.0,0.0
1746.0,881,452,0,0.0,0.0
1747.0,881,452,0,0.0,0.0
1748.0,881,452,0,0.0,0.0
1749.0,881,452,0,0.0,0.0
1750.0,881,452,0,0.0,0.0
1751.0,881,452,0,0.0,0.0
1752.0,881,452,0,0.0,0.0
1753.0,881,452,0,0.0,0.0
1754.0,881,452,0,0.0,0.0
1755.0,880,452,0,6.0,1.8071652714732127
1756.0,880,452,0,0.5,0.15059710595610107
1757.0,880,452,0,0.0,0.0
1758.0,880,452,0,0.0,0.0
1759.0,880,452,0,0.0,0.0
1760.0,879,452,0,6.0,1.8071652714732127
1761.0,879,452,0,0.5,0.15059710595610107
1762.0,879,452,0,0.0,0.0
1763.0,879,452,0,0.0,0.0
1764.0,879,452,0,0.0,0.0
1765.0,879,451,1,5.0,1.5059710595610107
1766.0,879,451,1,0.0,0.0
1767.0,879,451,1,0.0,0.0
1768.0,879,451,1,0.0,0.0
1769.0,879,451,1,0.0,0.0
1770.0,879,451,1,0.0,0.0
1771.0,879,451,1,0.0,0.0
1772.0,879,451,1,0.0,0.0
1773.0,879,451,1,0.0,0.0
1774.0,879,451,0,7.0,2.108359483385415
1775.0,879,451,0,0.0,0.0
1776.0,879,451,0,0.0,0.0
1777.0,879,451,0,0.0,0.0
1778.0,879,451,0,0.0,0.0
1779.0,879,451,0,0.0,0.0
1780.0,879,451,0,0.0,0.0
1781.0,879,451,0,0.0,0.0
1782.0,879,451,0,0.0,0.0
1783.0,879,451,0,0.0,0.0
1784.0,879,451,0,0.0,0.0
1785.0,878,451,0,6.0,1.8071652714732127
1786.0,878,451,0,0.5,0.15059710595610107
1787.0,878,451,0,0.0,0.0
1788.0,878,451,0,0.0,0.0
1789.0,878,451,0,0.0,0.0
1790.0,878,451,0,0.0,0.0
1791.0,878,451,0,0.0,0.0
1792.0,878,451,0,0.0,0.0
1793.0,878,451,0,0.0,0.0
1794.0,878,451,0,0.0,0.0
1795.0,878,451,0,0.0,0.0
1796.0,878,451,0,0.0,0.0
1797.0,878,451,0,0.0,0.0
1798.0,878,451,0,0.0,0.0
1799.0,878,451,0,0.0,0.0
1800.0,878,451,0,0.0,0.0
1801.0,878,451,0,0.0,0.0
1802.0,878,451,0,0.0,0.0
1803.0,878,451,0,0.0,0.0
1804.0,878,451,0,0.0,0.0
1805.0,878,451,0,0.0,0.0
1806.0,878,450,1,5.0,1.5059710595610107
1807.0,878,450,1,0.0,0.0
1808.0,878,450,0,7.0,2.108359483385415
1809.0,878,450,0,0.0,0.0
1810.0,878,450,0,0.0,0.0
1811.0,877,450,0,6.0,1.8071652714732127
1812.0,877,450,0,0.5,0.15059710595610107
1813.0,877,450,0,0.0,0.0
1814.0,877,450,0,0.0,0.0
1815.0,877,450,0,0.0,0.0
1816.0,877,450,0,0.0,0.0
1817.0,877,450,0,0.0,0.0
1818.0,877,450,0,0.0,0.0
1819.0,877,450,0,0.0,0.0
1820.0,877,450,0,0.0,0.0
1821.0,877,450,0,0.0,0.0
1822.0,877,450,0,0.0,0.0
1823.0,877,450,0,0.0,0.0
1824.0,877,450,0,0.0,0.0
1825.0,877,450,0,0.0,0.0
1826.0,877,450,0,0.0,0.0
1827.0,877,449,1,5.0,1.5059710595610107
1828.0,877,449,1,0.0,0.0
1829.0,877,449,1,0.0,0.0
1830.0,877,449,1,0.0,0.0
1831.0,877,449,0,7.0,2.108359483385415
1832.0,877,449,0,0.0,0.0
1833.0,877,449,0,0.0,0.0
1834.0,877,449,0,0.0,0.0
1835.0,877,448,1,5.0,1.5059710595610107
1836.0,877,448,1,0.0,0.0
1837.0,877,448,1,0.0,0.0
1838.0,877,448,1,0.0,0.0
1839.0,877,448,1,0.0,0.0
1840.0,877,448,1,0.0,0.0
1841.0,877,448,0,7.0,2.108359483385415
1842.0,877,448,0,0.0,0.0
1843.0,875,448,0,12.0,3.6143305429464254
1844.0,875,448,0,1.0,0.30119421191220214
1845.0,875,448,0,0.0,0.0
1846.0,874,448,0,6.0,1.8071652714732127
1847.0,874,448,0,0.5,0.15059710595610107
1848.0,874,448,0,0.0,0.0
1849.0,874,448,0,0.0,0.0
1850.0,874,448,0,0.0,0.0
1851.0,874,448,0,0.0,0.0
1852.0,874,448,0,0.0,0.0
1853.0,874,448,0,0.0,0.0
1854.0,874,448,0,0.0,0.0
1855.0,873,448,0,6.0,1.8071652714732127
1856.0,873,448,0,0.5,0.15059710595610107
1857.0,873,448,0,0.0,0.0
1858.0,873,448,0,0.0,0.0
1859.0,873,448,0,0.0,0.0
1860.0,873,448,0,0.0,0.0
1861.0,872,448,0,6.0,1.8071652714732127
1862.0,872,448,0,0.5,0.15059710595610107
1863.0,872,448,0,0.0,0.0
1864.0,872,448,0,0.0,0.0
1865.0,872,448,0,0.0,0.0
1866.0,872,448,0,0.0,0.0
1867.0,872,448,0,0.0,0.0
1868.0,872,448,0,0.0,0.0
1869.0,872,448,0,0.0,0.0
1870.0,872,448,0,0.0,0.0
1871.0,871,448,0,6.0,1.8071652714732127
1872.0,871,448,0,0.5,0.15059710595610107
1873.0,871,448,0,0.0,0.0
1874.0,871,447,1,5.0,1.5059710595610107
1875.0,871,447,0,7.0,2.108359483385415
1876.0,871,447,0,0.0,0.0
1877.0,871,447,0,0.0,0.0
1878.0,871,447,0,0.0,0.0
1879.0,871,447,0,0.0,0.0
1880.0,871,447,0,0.0,0.0
1881.0,871,447,0,0.0,0.0
1882.0,871,447,0,0.0,0.0
1883.0,871,447,0,0.0,0.0
1884.0,871,447,0,0.0,0.0
1885.0,871,446,1,5.0,1.5059710595610107
1886.0,871,446,0,7.0,2.108359483385415
1887.0,871,446,0,0.0,0.0
1888.0,871,446,0,0.0,0.0
1889.0,871,446,0,0.0,0.0
1890.0,871,446,0,0.0,0.0
1891.0,871,446,0,0.0,0.0
1892.0,871,446,0,0.0,0.0
1893.0,870,446,0,6.0,1.8071652714732127
1894.0,870,446,0,0.5,0.15059710595610107
1895.0,870,446,0,0.0,0.0
1896.0,870,445,1,5.0,1.5059710595610107
1897.0,870,445,1,0.0,0.0
1898.0,870,445,1,0.0,0.0
1899.0,870,445,1,0.0,0.0
1900.0,870,445,1,0.0,0.0
1901.0,870,445,1,0.0,0.0
1902.0,869,445,1,6.0,1.8071652714732127
1903.0,869,444,1,12.5,3.7649276489025265
1904.0,869,444,1,0.0,0.0
1905.0,869,444,1,0.0,0.0
1906.0,869,444,1,0.0,0.0
1907.0,869,444,0,7.0,2.108359483385415
1908.0,869,444,0,0.0,0.0
1909.0,868,444,0,6.0,1.8071652714732127
1910.0,868,444,0,0.5,0.15059710595610107
1911.0,868,444,0,0.0,0.0
1912.0,868,444,0,0.0,0.0
1913.0,868,444,0,0.0,0.0
1914.0,868,444,0,0.0,0.0
1915.0,868,444,0,0.0,0.0
1916.0,868,444,0,0.0,0.0
1917.0,868,444,0,0.0,0.0
1918.0,868,444,0,0.0,0.0
1919.0,868,444,0,0.0,0.0
1920.0,868,444,0,0.0,0.0
1921.0,868,444,0,0.0,0.0
1922.0,868,444,0,0.0,0.0
1923.0,868,444,0,0.0,0.0
1924.0,868,443,1,5.0,1.5059710595610107
1925.0,868,443,1,0.0,0.0
1926.0,868,443,1,0.0,0.0
1927.0,867,443,1,6.0,1.8071652714732127
1928.0,867,443,1,0.5,0.15059710595610107
1929.0,867,443,1,0.0,0.0
1930.0,866,442,2,11.0,3.3131363310342237
1931.0,866,442,2,0.5,0.15059710595610107
1932.0,866,442,2,0.0,0.0
1933.0,866,442,2,0.0,0.0
1934.0,866,442,2,0.0,0.0
1935.0,866,442,1,7.0,2.108359483385415
1936.0,866,442,1,0.0,0.0
1937.0,866,442,1,0.0,0.0
1938.0,866,442,1,0.0,0.0
1939.0,866,442,1,0.0,0.0
1940.0,866,442,1,0.0,0.0
1941.0,866,442,1,0.0,0.0
1942.0,866,442,1,0.0,0.0
1943.0,866,442,1,0.0,0.0
1944.0,866,442,1,0.0,0.0
1945.0,866,442,1,0.0,0.0
1946.0,866,442,1,0.0,0.0
1947.0,866,442,1,0.0,0.0
1948.0,866,442,1,0.0,0.0
1949.0,866,442,1,0.0,0.0
1950.0,866,442,1,0.0,0.0
1951.0,866,442,1,0.0,0.0
1952.0,866,442,1,0.0,0.0
1953.0,866,442,1,0.0,0.0
1954.0,866,442,1,0.0,0.0
1955.0,866,442,1,0.0,0.0
1956.0,866,442,1,0.0,0.0
1957.0,866,442,1,0.0,0.0
1958.0,866,442,1,0.0,0.0
1959.0,866,442,1,0.0,0.0
1960.0,866,442,0,7.0,2.108359483385415
1961.0,866,442,0,0.0,0.0
1962.0,866,442,0,0.0,0.0
1963.0,866,442,0,0.0,0.0
1964.0,866,442,0,0.0,0.0
1965.0,866,442,0,0.0,0.0
1966.0,866,442,0,0.0,0.0
1967.0,866,442,0,0.0,0.0
1968.0,866,442,0,0.0,0.0
1969.0,866,442,0,0.0,0.0
1970.0,866,442,0,0.0,0.0
1971.0,866,442,0,0.0,0.0
1972.0,866,442,0,0.0,0.0
1973.0,866,442,0,0.0,0.0
1974.0,866,442,0,0.0,0.0
1975.0,866,442,0,0.0,0.0
1976.0,866,442,0,0.0,0.0
1977.0,866,442,0,0.0,0.0
1978.0,866,442,0,0.0,0.0
1979.0,866,442,0,0.0,0.0
1980.0,866,442,0,0.0,0.0
1981.0,866,442,0,0.0,0.0
1982.0,866,442,0,0.0,0.0
1983.0,866,442,0,0.0,0.0
1984.0,866,442,0,0.0,0.0
1985.0,866,442,0,0.0,0.0
1986.0,866,442,0,0.0,0.0
1987.0,866,442,0,0.0,0.0
1988.0,866,442,0,0.0,0.0
1989.0,866,442,0,0.0,0.0
1990.0,866,442,0,0.0,0.0
1991.0,866,442,0,0.0,0.0
1992.0,866,442,0,0.0,0.0
1993.0,866,442,0,0.0,0.0
1994.0,866,442,0,0.0,0.0
1995.0,866,442,0,0.0,0.0
1996.0,866,442,0,0.0,0.0
1997.0,866,442,0,0.0,0.0
1998.0,866,442,0,0.0,0.0
1999.0,866,441,1,5.0,1.5059710595610107
2000.0,866,441,1,0.0,0.0
